day_of_year,sea_temperature
1,29.368571417672293
8,29.030000141688756
15,28.77571405683245
22,28.50571414402553
29,29.684285845075333
36,28.688571657453263
43,28.645714351109095
50,29.604285648890905
57,28.941428593226842
64,29.55714280264718
71,29.744285311017716
78,29.707142693655832
85,30.237143107822963
92,30.131428582327707
99,30.501428604125977
106,30.31571442740304
113,30.867143086024694
120,30.605714525495255
127,30.798571177891322
134,30.465714318411692
141,30.6728572845459
148,30.10714312962123
155,30.308571406773158
162,30.985713958740234
169,31.37999943324498
176,30.810000010899135
183,29.52857153756278
190,29.347143173217773
197,29.768571308680944
204,30.00857135227748
211,29.96714265005929
218,29.892857142857142
225,30.01285716465541
232,30.180000032697404
239,29.584286008562362
246,29.68142863682338
253,29.072856903076172
260,29.582857404436385
267,29.084285736083984
274,29.64142826625279
281,28.580000196184432
288,29.11571475437709
295,29.398571286882675
302,29.444285529000418
309,29.33714267185756
316,30.067142759050643
323,30.142857142857142
330,29.60571425301688
337,29.93571444920131
344,29.992856979370117
351,29.354285648890905
358,29.141428811209543
365,29.10285758972168
7,29.622857230050222
14,29.760000228881836
21,29.10857173374721
28,28.822856903076172
35,29.61428587777274
42,29.312856674194336
49,29.17142813546317
56,29.290000098092214
63,29.498571395874023
70,29.531428745814733
77,30.319999967302596
84,29.972857339041575
91,30.064285823277064
98,29.881428582327707
105,29.457142693655832
112,30.072857448032924
119,30.732857295445033
126,29.76571410042899
133,29.669999803815568
140,30.95857129778181
147,30.48714283534459
154,30.071428843906947
161,29.36857169015067
168,29.631428582327707
175,30.21285711015974
182,30.284285409109934
189,29.864286150251115
196,30.062856946672714
203,30.167142868041992
210,29.157142911638534
217,29.135714394705637
224,29.345714569091797
231,29.751428604125977
238,30.551429203578405
245,29.45571436200823
252,29.952856881277903
259,29.90285737173898
266,29.30857195172991
273,30.47571427481515
280,30.71714292253767
287,29.88999993460519
294,29.54142870221819
301,29.7985714503697
308,29.75571414402553
315,29.381428582327707
322,29.845714024135045
329,29.27285657610212
336,28.425714220319474
343,28.021428516932897
350,28.195714133126394
357,29.02999986921038
364,29.342857088361466
6,28.57714298793248
13,28.281428745814733
20,29.025714329310826
27,27.52428572518485
34,27.189999989100865
41,27.907142911638534
48,27.97285761151995
55,28.78000041416713
62,27.904285158429825
69,30.165714263916016
76,29.297142846243723
83,29.104285648890905
90,28.44571440560477
97,29.119999749319895
104,29.152857099260604
111,29.722857339041575
118,30.215714045933314
125,29.852857044764928
132,30.06857190813337
139,30.915714263916016
146,29.587142944335938
153,30.042857578822545
160,30.4542852129255
167,30.24142864772252
174,30.29142870221819
181,29.69285719735282
188,29.657142911638534
195,29.972857066563197
202,29.417142595563615
209,29.995714460100448
216,30.202857153756277
223,30.122857230050222
230,29.500000272478378
237,29.695714133126394
244,29.85285677228655
251,29.25571414402553
258,28.965714045933314
265,29.658572060721262
272,30.114285605294363
279,29.167142868041992
286,29.50428581237793
293,29.03714288984026
300,28.95857184273856
307,27.848571232387
314,29.44714300973075
321,29.721428734915598
328,28.924285616193497
335,29.151428495134628
342,29.170000076293945
349,28.7485716683524
356,28.864285605294363
363,29.6728572845459
4,29.617142813546316
11,29.182857240949357
18,29.111428669520787
25,28.31142861502511
32,27.48428589957101
39,28.078571319580078
46,28.548571722848074
53,29.050000054495676
60,28.492856979370117
67,29.560000010899135
74,29.58714267185756
81,29.74571418762207
88,29.665714263916016
95,29.65571403503418
102,30.137142998831614
109,30.257143020629883
116,30.174285616193497
123,29.575714383806503
130,29.662857055664063
137,29.54142870221819
144,29.842856815883092
151,30.175714220319474
158,30.43000030517578
165,30.07000023978097
172,30.678571156093053
179,30.362857001168386
186,29.665714263916016
193,30.260000228881836
200,30.031429018293107
207,29.851428713117325
214,29.385714394705637
221,29.567142759050643
228,30.075714656284877
235,29.822856630597794
242,29.26285716465541
249,29.868571417672293
256,29.7999997820173
263,29.209999901907786
270,28.738571439470565
277,29.131428582327707
284,29.157142911638534
291,28.697142464773997
298,28.674285616193497
305,28.459999901907786
312,29.182857240949357
319,28.380000250680105
326,28.23000008719308
333,28.205714089529856
340,28.828571319580078
347,28.851428713117325
354,28.687143053327286
361,28.451428822108678
3,28.427143096923828
10,28.069999967302596
17,28.421428680419922
24,28.301428386143275
31,27.738571166992188
38,28.52571405683245
45,28.31857136317662
52,28.26999991280692
59,28.395714351109095
66,28.784285409109934
73,28.75428581237793
80,29.010000228881836
87,29.077142442975724
94,28.787142617361887
101,29.055714743477957
108,29.224285670689174
115,29.968571254185267
122,29.2000002179827
129,29.35571425301688
136,30.305714470999582
143,29.29142870221819
150,29.277143205915177
157,28.734286172049387
164,29.9514285496303
171,29.93857138497489
178,29.939999989100865
185,29.65428570338658
192,30.16714314052037
199,30.078571319580078
206,29.572856903076172
213,29.110000337873185
220,30.54142870221819
227,29.51571410042899
234,28.821428298950195
241,28.877143042428152
248,29.080000196184432
255,29.56428555079869
262,29.18571444920131
269,28.81571442740304
276,29.084285463605607
283,28.472857066563197
290,28.80571392604283
297,28.505714416503906
304,29.08142880031041
311,28.89285741533552
318,28.818571635654994
325,28.660000119890487
332,28.54571451459612
339,29.517142704554967
346,29.06142861502511
353,29.30714280264718
360,29.382857458932058
2,28.900000163487025
9,28.401428495134628
16,28.52857153756278
23,27.852857317243302
30,29.169999803815568
37,28.58285685947963
44,28.515714372907365
51,28.631428582327707
58,28.87142835344587
65,29.274285452706472
72,29.571428571428573
79,29.362857546125138
86,29.821428571428573
93,29.61428533281599
100,29.62857164655413
107,30.28714288984026
114,30.10857173374721
121,29.778571810041154
128,29.787142617361887
135,29.591428756713867
142,29.38428579057966
149,30.00857162475586
156,30.227142606462753
163,29.89428574698312
170,28.872856957571848
177,29.608571188790457
184,29.6257141658238
191,29.278571265084402
198,29.630000250680105
205,30.117142813546316
212,29.621428898402623
219,29.25714247567313
226,29.207142966134207
233,29.452857153756277
240,29.76285716465541
247,29.715714045933314
254,29.17714282444545
261,29.40999957493373
268,29.788571493966238
275,29.37000002179827
282,28.707142693655832
289,30.069999967302596
296,29.082857404436385
303,29.034285681588308
310,29.252856935773575
317,29.917142868041992
324,29.11142839704241
331,29.625714438302175
338,28.877143042428152
345,29.985714503696986
352,29.69285719735282
359,29.738571439470565
1,29.698571341378347
8,29.98714283534459
15,28.995713915143693
22,28.652857099260604
29,28.3742858341762
36,29.565714154924667
43,29.722857066563197
50,29.64428574698312
57,29.808571406773158
64,30.23428589957101
71,30.271428516932897
78,30.34428542000907
85,29.84714262826102
92,29.977142606462753
99,30.1242858341762
106,30.24428585597447
113,31.184285845075333
120,30.439999989100865
127,30.339999880109513
134,29.960000446864537
141,30.91428538731166
148,30.14999989100865
155,30.75857162475586
162,30.452857153756277
169,30.178571156093053
176,29.848571232387
183,29.205714089529856
190,29.498571395874023
197,29.92714282444545
204,30.1257141658238
211,29.592857360839844
218,29.887142998831614
225,29.171428680419922
232,29.097142900739396
239,29.09142848423549
246,29.49142864772252
253,29.401428495134628
260,29.37999997820173
267,29.018571036202566
274,30.54428563799177
281,29.948571613856725
288,29.488571439470565
295,29.451428822108678
302,28.815714154924667
309,29.020000185285294
316,29.518571308680944
323,28.917142868041992
330,29.211428506033762
337,28.234285627092635
344,28.867142813546316
351,28.597142900739396
358,28.157142639160156
365,27.61142839704241
6,28.469999858311244
13,29.002857208251953
20,28.49142864772252
27,28.724286215645925
34,28.932857240949357
41,28.744285583496094
48,28.42714282444545
55,29.10000010899135
62,29.332857131958008
69,28.9985716683524
76,28.621428898402623
83,29.10714258466448
90,29.095714569091797
97,29.140000207083567
104,29.928571701049805
111,29.66857119968959
118,29.955714089529856
125,29.965714590890066
132,30.474285670689174
139,29.920000076293945
146,29.854285648890905
153,30.08285685947963
160,30.191428865705216
167,30.335714067731583
174,30.160000119890487
181,29.872856957571848
188,29.497142791748047
195,29.471428734915598
202,29.71428598676409
209,30.13999993460519
216,29.518571308680944
223,29.645714351109095
230,30.505714416503906
237,29.661428451538086
244,29.29428563799177
251,30.00999995640346
258,29.438571657453263
265,29.984285627092635
272,29.357142857142858
279,29.864286150251115
286,28.75142914908273
293,29.45857184273856
300,28.989999771118164
307,28.11428587777274
314,28.89857155936105
321,28.939999989100865
328,28.992857251848495
335,29.124285561697825
342,28.575714383806503
349,29.30285699026925
356,28.42285701206752
363,29.09142848423549
5,28.39285687037877
12,28.22428594316755
19,27.81571442740304
26,28.645714351109095
33,28.951428822108678
40,29.28000041416713
47,29.39285687037877
54,29.160000119890487
61,29.8728575025286
68,29.334285463605607
75,29.61571420942034
82,30.05714307512556
89,29.92714282444545
96,29.73428589957101
103,30.132857186453684
110,30.02428572518485
117,29.748571395874023
124,29.605714525495255
131,29.707142693655832
138,30.53714288984026
145,30.32285717555455
152,29.534285409109934
159,30.325714383806503
166,29.72571427481515
173,30.15999984741211
180,30.397142955235072
187,30.16428538731166
194,30.22000013078962
201,30.014285768781388
208,29.635714394705637
215,30.141428538731166
222,30.487143107822963
229,30.48000008719308
236,30.677142551967076
243,29.64428574698312
250,30.414285932268417
257,29.662857055664063
264,30.372857230050222
271,29.632856913975306
278,29.837142944335938
285,29.67142813546317
292,29.525714329310826
299,29.615713936941965
306,29.812856946672714
313,29.628571374075754
320,29.698571613856725
327,28.7485716683524
334,28.24571418762207
341,28.928571701049805
348,28.24571418762207
355,29.522857121058873
362,29.211428506033762
4,29.38428579057966
11,29.43428611755371
18,29.35000010899135
25,28.96714292253767
32,29.064285823277064
39,29.09142848423549
46,29.31571442740304
53,30.059999465942383
60,29.222857339041575
67,29.305714198521205
74,29.715714590890066
81,29.944285801478795
88,29.948571341378347
95,29.852857317243302
102,29.765714372907365
109,29.98714256286621
116,29.978571483067103
123,29.72857121058873
130,30.067142759050643
137,29.66857147216797
144,29.270000457763672
151,29.50285748073033
158,30.59428596496582
165,29.77428572518485
172,29.55714307512556
179,29.548571722848074
186,29.448571341378347
193,29.36142839704241
200,29.214285441807338
207,28.622857230050222
214,29.424285616193497
221,29.05285699026925
228,29.424285616193497
235,29.657142639160156
242,29.108572006225586
249,29.16428538731166
256,29.1714289528983
263,28.907142911638534
270,28.957142966134207
277,28.66428565979004
284,28.597142900739396
291,28.90428570338658
298,28.805714470999582
305,28.771428516932897
312,29.079999923706055
319,29.071428571428573
326,28.871428898402623
333,29.421428680419922
340,28.58999960763114
347,27.70571436200823
354,27.9514285496303
361,27.455714089529856
3,27.98428589957101
10,29.211428506033762
17,28.584285736083984
24,28.687143053327286
31,28.854285376412527
38,29.151428495134628
45,29.03714288984026
52,29.062856946672714
59,28.81857136317662
66,29.674285616193497
73,30.22000013078962
80,29.75999995640346
87,29.55285699026925
94,29.007142748151505
101,30.4985716683524
108,30.48714283534459
115,30.920000348772323
122,30.21285711015974
129,30.915713991437638
136,30.98857171194894
143,30.117142813546316
150,29.891428538731166
157,29.76285743713379
164,29.902856826782227
171,30.074285779680526
178,30.03714288984026
185,30.05285726274763
192,29.51999991280692
199,29.964285714285715
206,29.365714481898717
213,29.144285474504745
220,29.547142846243723
227,29.77857153756278
234,29.625714438302175
241,28.910000119890487
248,30.312857219151088
255,29.632857458932058
262,29.04571451459612
269,29.341428756713867
276,29.71714265005929
283,30.0014283316476
290,29.49999945504325
297,29.18857138497489
304,29.352857317243302
311,28.994285583496094
318,28.66857119968959
325,29.260000228881836
332,28.791428429739817
339,28.287142617361887
346,28.715714318411692
353,29.06571442740304
360,29.0014283316476
1,29.14428574698312
8,28.917142868041992
15,28.321428298950195
22,28.778571265084402
29,28.48714256286621
36,28.82000023978097
43,28.671428407941544
50,28.74428585597447
57,29.03285707746233
64,28.305714470999582
71,29.0485714503697
78,29.30285726274763
85,29.497142791748047
92,29.7528566632952
99,29.59000015258789
106,29.44714300973075
113,28.981428418840682
120,29.884285518101283
127,30.534285954066686
134,29.97571427481515
141,29.872856957571848
148,29.797142846243723
155,30.142857142857142
162,30.432857513427734
169,30.148571286882675
176,29.57000023978097
183,29.191428593226842
190,29.852857044764928
197,30.012856892177037
204,29.810000010899135
211,30.212857382638113
218,30.682857240949357
225,29.30285699026925
232,29.2242853982108
239,29.582857131958008
246,29.98000008719308
253,29.931428909301758
260,29.707142693655832
267,29.387142998831614
274,29.86571420942034
281,28.912857600620814
288,29.592857360839844
295,29.190000534057617
302,28.97142846243722
309,29.117142541067942
316,29.652857099260604
323,29.281428473336355
330,29.72000013078962
337,29.04571396963937
344,29.079999651227677
351,29.268571308680944
358,28.472857066563197
365,28.901428495134628
7,28.96285683768136
14,29.22142846243722
21,28.372856957571848
28,28.821428571428573
35,28.485714231218612
42,29.248571395874023
49,29.219999858311244
56,29.022857393537247
63,29.40142904009138
70,29.277142660958425
77,28.702857426234655
84,28.952857153756277
91,29.365714481898717
98,29.569999967302596
105,30.09428596496582
112,29.17714282444545
119,29.745714460100448
126,29.842857360839844
133,29.587142944335938
140,29.128571374075754
147,29.44285719735282
154,29.548571177891322
161,29.32714298793248
168,29.797143118722097
175,29.40571403503418
182,30.145714351109095
189,30.040000098092214
196,29.452856881277903
203,29.488571166992188
210,29.202857426234655
217,29.457142966134207
224,29.011428560529435
231,29.155714307512557
238,29.844285692487443
245,29.819999967302596
252,28.81857136317662
259,28.511428833007813
266,29.048571177891322
273,27.885714394705637
280,28.49714251926967
287,28.7999997820173
294,28.735714231218612
301,28.367142541067942
308,28.584286008562362
315,28.810000010899135
322,28.38571412222726
329,28.358571461268834
336,28.52999986921038
343,27.68571444920131
350,28.70428603036063
357,28.715714045933314
364,28.505714416503906
6,28.74142864772252
13,28.969999858311244
20,28.397142955235072
27,28.254286084856307
34,28.411428724016464
41,27.51999991280692
48,28.93857111249651
55,28.747142791748047
62,29.125713893345424
69,29.365713936941965
76,29.547142846243723
83,29.412857055664063
90,29.75857135227748
97,29.924285616193497
104,30.014285223824636
111,30.55714307512556
118,29.421428680419922
125,29.79571396963937
132,30.491428920200892
139,30.627143042428152
146,29.62000002179827
153,29.08142880031041
160,29.494286128452845
167,30.87000002179827
174,30.541428429739817
181,29.917142595563615
188,30.36857114519392
195,30.308571679251536
202,29.56571388244629
209,29.75857135227748
216,29.80000032697405
223,29.265714372907365
230,29.337143216814315
237,29.24428585597447
244,30.32714298793248
251,30.2985714503697
258,29.858571461268834
265,29.055714198521205
272,29.485714503696986
279,30.255714416503906
286,30.171428407941544
293,29.22142846243722
300,29.19714300973075
307,28.96285711015974
314,28.80285726274763
321,28.910000119890487
328,29.64857155936105
335,28.54571396963937
342,28.838571003505162
349,28.507142748151505
356,28.698571613856725
363,28.281428473336355
5,27.901428767613
12,28.715714045933314
19,28.285714558192662
26,27.744285583496094
33,27.84571429661342
40,28.30714307512556
47,28.74000004359654
54,29.01142828805106
61,28.49571418762207
68,28.68571444920131
75,28.991428920200892
82,28.987143107822963
89,29.410000119890487
96,29.41714314052037
103,29.335714067731583
110,29.521428516932897
117,29.538571493966238
124,29.74142837524414
131,29.5014283316476
138,30.48857171194894
145,30.381428582327707
152,29.64571407863072
159,29.098571504865372
166,29.961428506033762
173,29.852857044764928
180,29.028571265084402
187,29.007142748151505
194,29.742857796805247
201,30.44285692487444
208,30.18428611755371
215,29.832857131958008
222,29.839999880109513
229,30.178571156093053
236,28.591428211757115
243,29.369999749319895
250,29.814285278320313
257,29.587142944335938
264,30.012856892177037
271,29.768571581159318
278,29.295714242117747
285,29.28285707746233
292,28.401428767613
299,29.627142769949778
306,29.44285719735282
313,28.37000002179827
320,29.11000006539481
327,28.912857055664063
334,28.537142617361887
341,28.327143260410853
348,28.124285561697825
355,28.199999945504324
362,27.937143053327286
3,28.137142453874862
10,28.544285365513392
17,28.564286095755442
24,28.727142878941127
31,28.765713827950613
38,27.512856892177037
45,28.51285716465541
52,29.560000010899135
59,28.951428277151926
66,29.48285702296666
73,29.465714045933314
80,30.12000002179827
87,29.358571461268834
94,29.377142769949778
101,30.157142911638534
108,30.428571428571427
115,30.452857153756277
122,30.028571265084402
129,29.69714273725237
136,30.592857088361466
143,30.01714297703334
150,29.13142885480608
157,29.91285732814244
164,30.044285910470144
171,29.934285845075333
178,29.6242858341762
185,29.94571386064802
192,30.161428724016464
199,29.342857088361466
206,29.637142726353236
213,29.308571406773158
220,29.98714256286621
227,29.321428298950195
234,29.457143238612584
241,29.291428429739817
248,29.44000026157924
255,29.490000316074916
262,29.0485714503697
269,28.781428473336355
276,29.252857208251953
283,28.35571425301688
290,29.1271424974714
297,28.70571436200823
304,29.595714024135045
311,29.612857273646764
318,29.47428594316755
325,29.55285699026925
332,29.908571243286133
339,30.494285583496094
346,29.66857119968959
353,29.229999814714706
360,29.18142863682338
2,28.8271427154541
9,29.402857099260604
16,30.0485714503697
23,30.047142846243723
30,29.304285866873606
37,30.40571457999093
44,29.682857240949357
51,30.06857136317662
58,30.27142824445452
65,30.637142453874862
72,30.627142769949778
79,30.479999814714706
86,30.040000098092214
93,30.642857142857142
100,30.744285583496094
107,31.03714288984026
114,30.597142900739396
121,30.37000002179827
128,30.31571442740304
135,30.985714503696986
142,31.297142846243723
149,30.578571592058456
156,30.2014285496303
163,30.70571436200823
170,31.104285376412527
177,31.03714316231864
184,31.055714198521205
191,30.531428745814733
198,30.01285716465541
205,30.19571440560477
212,30.147142682756698
219,29.514285223824636
226,29.01285743713379
233,29.29142870221819
240,29.625713893345424
247,29.448571341378347
254,30.092857088361466
261,29.890000207083567
268,29.655714307512557
275,30.55428559439523
282,30.78285707746233
289,30.457142966134207
296,29.715714318411692
303,29.67142813546317
310,29.349999836512975
317,29.84428596496582
324,29.465714318411692
331,28.378571374075754
338,29.11571420942034
345,28.79428563799177
352,29.104285648890905
359,29.375714438302175
1,29.174285888671875
8,27.97571427481515
15,28.195714133126394
22,28.747143064226425
29,29.56857136317662
36,28.98285702296666
43,29.25
50,28.288571221487864
57,29.235714503696986
64,29.524285997663224
71,28.77428572518485
78,29.72000013078962
85,29.452857153756277
92,29.338571275983536
99,30.288571493966238
106,30.247142791748047
113,30.34000015258789
120,29.757143020629883
127,29.487143107822963
134,29.86000006539481
141,30.55285726274763
148,31.342857360839844
155,29.83142880031041
162,29.60428592136928
169,29.90428570338658
176,30.197142464773997
183,30.558571679251536
190,30.56142888750349
197,30.32714298793248
204,30.58285685947963
211,30.26999991280692
218,30.01285716465541
225,30.15571403503418
232,29.64571407863072
239,30.428571701049805
246,29.187142780848912
253,30.332857131958008
260,29.55999973842076
267,29.531428473336355
274,29.51999991280692
281,29.208571570260183
288,30.361428669520787
295,29.17571449279785
302,29.934285845075333
309,29.99142837524414
316,29.13428579057966
323,28.53285734994071
330,28.642857142857142
337,28.661428451538086
344,28.468571254185267
351,28.567142759050643
358,28.518571581159318
365,28.220000403267996
7,28.908571788242885
14,29.41285732814244
21,28.92714282444545
28,29.12000002179827
35,27.787142617361887
42,28.300000054495676
49,29.54142870221819
56,29.727142606462753
63,29.594285692487443
70,29.48428589957101
77,29.57714298793248
84,29.231428418840682
91,29.24285670689174
98,29.424285343715123
105,30.527142933436803
112,29.728571483067103
119,29.488571439470565
126,30.022857393537247
133,30.995713915143693
140,30.254285539899552
147,29.764285768781388
154,29.321428571428573
161,30.13571412222726
168,30.027142933436803
175,30.257142748151505
182,29.88428579057966
189,29.598571232387
196,29.910000119890487
203,30.228571483067103
210,28.9742853982108
217,29.608571188790457
224,29.341428756713867
231,29.569999967302596
238,30.531428745814733
245,30.33142880031041
252,29.669999531337194
259,29.657143184116908
266,29.474285670689174
273,29.575714111328125
280,30.928571428571427
287,30.020000185285294
294,30.375714438302175
301,29.35000010899135
308,29.674285888671875
315,29.09000015258789
322,28.265714372907365
329,28.74714251926967
336,29.057142530168807
343,29.04142870221819
350,28.30714280264718
357,28.297142846243723
364,27.71714292253767
5,28.522857393537247
12,28.77142824445452
19,28.872856957571848
26,28.56142888750349
33,28.887142453874862
40,29.292857306344168
47,28.965714590890066
54,29.451428822108678
61,30.254285539899552
68,30.095714024135045
75,29.441428593226842
82,29.265714645385742
89,29.647142682756698
96,29.398571014404297
103,29.435713904244558
110,29.85000010899135
117,29.882856913975306
124,29.745714460100448
131,30.098571504865372
138,30.39285741533552
145,29.77857153756278
152,29.31571442740304
159,30.145714351109095
166,30.441428593226842
173,30.395713806152344
180,30.585714067731583
187,30.26714297703334
194,30.400000163487025
201,30.061428342546737
208,29.3271427154541
215,29.748571395874023
222,30.410000119890487
229,30.45428603036063
236,29.797142573765345
243,30.044285365513392
250,29.972857339041575
257,29.882856913975306
264,29.878571374075754
271,29.37000002179827
278,29.934285845075333
285,29.75999995640346
292,29.005714416503906
299,28.995714460100448
306,29.39999989100865
313,28.374285561697825
320,29.292857033865793
327,28.939999716622488
334,29.49000004359654
341,28.94000026157924
348,28.60000010899135
355,28.56428555079869
362,29.222856794084823
4,29.097143173217773
11,28.985714503696986
18,28.85571425301688
25,29.714285441807338
32,29.051428386143275
39,28.41857119968959
46,28.50999995640346
53,29.13571412222726
60,29.527142933436803
67,30.068570818219865
74,30.068571635654994
81,29.69714300973075
88,30.097142900739396
95,29.67999976021903
102,30.054285866873606
109,29.98428589957101
116,30.082857131958008
123,30.857142857142858
130,30.448571341378347
137,30.091428756713867
144,29.941428593226842
151,29.694285801478795
158,29.76714297703334
165,30.999999727521622
172,29.99000004359654
179,30.255714416503906
186,30.288571221487864
193,30.338571548461914
200,30.088571003505162
207,30.301428386143275
214,30.324285779680526
221,30.91142817905971
228,30.121428625924246
235,29.02428572518485
242,29.06999942234584
249,30.337142944335938
256,30.02428572518485
263,29.814286095755442
270,29.752857208251953
277,29.248571395874023
284,29.05714280264718
291,29.719999858311244
298,29.551428658621653
305,29.10142844063895
312,29.928571156093053
319,29.50857135227748
326,29.635713849748885
333,29.685714176722936
340,29.465714318411692
347,30.292857033865793
354,29.832857131958008
361,29.132856913975306
3,29.001428059169225
10,29.50999995640346
17,28.68428557259696
24,29.222857066563197
31,29.181428364345006
38,29.15285737173898
45,29.221428734915598
52,29.334285736083984
59,29.588571003505162
66,29.761428833007813
73,29.790000370570592
80,29.845714569091797
87,29.709999901907786
94,29.948571341378347
101,30.002857208251953
108,29.895714351109095
115,29.65142904009138
122,30.060000283377512
129,30.722857339041575
136,31.09142848423549
143,30.845714024135045
150,30.30285726274763
157,29.99142837524414
164,28.997142791748047
171,29.367142813546316
178,29.611428669520787
185,29.515714372907365
192,29.808571406773158
199,29.48714283534459
206,29.43857111249651
213,29.36857114519392
220,29.257142203194753
227,29.10142844063895
234,29.96285711015974
241,30.165713991437638
248,30.152857099260604
255,30.087142944335938
262,29.38428579057966
269,29.68142863682338
276,29.61857169015067
283,29.29428509303502
290,29.371428898402623
297,29.630000250680105
304,29.437142508370535
311,28.81571442740304
318,28.69000026157924
325,29.16428565979004
332,29.051428386143275
339,28.44428607395717
346,28.62142835344587
353,28.88999993460519
360,28.514285768781388
2,29.33142852783203
9,28.50857135227748
16,29.055714198521205
23,28.887142453874862
30,28.12999997820173
37,28.9742853982108
44,28.910000119890487
51,28.33142852783203
58,28.931428364345006
65,29.821428298950195
72,29.091428756713867
79,29.312857219151088
86,29.81142861502511
93,30.005714416503906
100,30.52999986921038
107,30.007142748151505
114,30.297142846243723
121,30.33285685947963
128,31.064285823277064
135,31.474285670689174
142,30.32285717555455
149,29.981428691319056
156,29.678571701049805
163,30.539999553135463
170,30.49285752432687
177,29.9542852129255
184,29.082857404436385
191,28.83714267185756
198,29.801428658621653
205,29.117142813546316
212,29.284285954066686
219,29.428571428571427
226,29.228571483067103
233,29.212857382638113
240,29.06428555079869
247,29.932857240949357
254,29.038571766444615
261,29.01571410042899
268,28.791428429739817
275,29.689999716622488
282,29.502856935773575
289,29.227142606462753
296,29.287142617361887
303,28.925714220319474
310,29.39285741533552
317,29.214285441807338
324,29.30285699026925
331,29.241428920200892
338,28.584285736083984
345,28.642857142857142
352,29.0257146017892
359,27.69285719735282
366,28.24000004359654
7,28.81142861502511
14,28.514286041259766
21,28.96428598676409
28,28.62999997820173
35,29.125714438302175
42,29.054285866873606
49,29.80714280264718
56,29.465714045933314
63,29.5499997820173
70,29.641428811209543
77,29.66285732814244
84,29.89285687037877
91,29.75571414402553
98,29.944285529000418
105,30.16857147216797
112,29.5785710471017
119,30.02142824445452
126,30.494285583496094
133,29.718571254185267
140,29.34571429661342
147,29.98285702296666
154,30.037142617361887
161,30.07428550720215
168,31.05714280264718
175,30.55285699026925
182,30.26285743713379
189,30.39285687037877
196,29.981428418840682
203,29.865714481898717
210,30.657142911638534
217,30.72142846243722
224,29.582857131958008
231,29.492857251848495
238,29.644285474504745
245,29.792857033865793
252,30.80999973842076
259,30.487143107822963
266,29.09428596496582
273,29.575714383806503
280,29.310000283377512
287,29.022857121058873
294,29.231428963797434
301,29.062856674194336
308,28.89857155936105
315,29.041428429739817
322,28.647142682756698
329,28.448571613856725
336,28.484285627092635
343,29.128571374075754
350,28.738571166992188
357,29.045714242117747
364,28.637143271309988
6,28.338571275983536
13,27.727142878941127
20,28.398571014404297
27,28.622857230050222
34,29.497142791748047
41,28.78000041416713
48,29.098571504865372
55,29.530000141688756
62,29.805714470999582
69,30
76,29.09428596496582
83,29.781428473336355
90,29.64428574698312
97,29.54571451459612
104,29.501428604125977
111,30.194285529000418
118,30.442857469831193
125,30.300000054495676
132,30.098571504865372
139,29.63857160295759
146,30.047142573765345
153,30.30285699026925
160,29.94285719735282
167,29.939999716622488
174,30.150000163487025
181,30.432856968470983
188,30.00857162475586
195,30.298571177891322
202,30.021428516932897
209,30.09571429661342
216,30.214285169328964
223,30.15428570338658
230,30.062857219151088
237,29.4742853982108
244,28.96714292253767
251,29.058571406773158
258,29.358571188790457
265,29.682857240949357
272,29.71285683768136
279,29.564285823277064
286,28.754285539899552
293,29.315714154924667
300,29.584285463605607
307,28.94000026157924
314,29.375714438302175
321,29.305714198521205
328,30.407142911638534
335,30.047142846243723
342,29.304285866873606
349,29.39285741533552
356,29.022857393537247
363,28.608571461268834
5,28.252857208251953
12,28.622857230050222
19,28.69571440560477
26,28.53714288984026
33,28.49000004359654
40,29.27714238848005
47,29.119999749319895
54,29.284285954066686
61,29.228571483067103
68,29.281428473336355
75,29.392857142857142
82,29.881428582327707
89,29.44714300973075
96,29.949999945504324
103,29.394286019461497
110,29.505714416503906
117,29.448571613856725
124,29.390000207083567
131,29.562857491629465
138,29.61428587777274
145,29.742856979370117
152,29.567142486572266
159,30.191428593226842
166,29.727142606462753
173,29.96714265005929
180,29.642857142857142
187,29.51714243207659
194,29.92571449279785
201,29.74428585597447
208,29.322856630597794
215,29.43428557259696
222,29.634286063058035
229,29.06857136317662
236,29.415714263916016
243,29.54571451459612
250,29.405714307512557
257,29.819999967302596
264,30.05714307512556
271,29.86000006539481
278,29.738571166992188
285,29.542857306344168
292,29.131428582327707
299,29.00285748073033
306,28.901428767613
313,28.6228575025286
320,28.985714231218612
327,29.034285681588308
334,29.28714288984026
341,28.779999596732004
348,29.219999858311244
355,28.797143118722097
362,29.279999596732004
4,28.544285910470144
11,28.81142861502511
18,29.02999986921038
25,29.44285692487444
32,29.535714558192662
39,29.52857153756278
46,29.29428563799177
53,29.45428548540388
60,28.63428579057966
67,28.481428691319056
74,28.540000098092214
81,29.2985714503697
88,29.6271424974714
95,29.44285719735282
102,29.51285716465541
109,29.72857175554548
116,29.387142453874862
123,29.880000250680105
130,30.092857360839844
137,29.791428429739817
144,29.682857240949357
151,29.541428429739817
158,29.798571722848074
165,30.437142780848912
172,29.872857230050222
179,29.772857121058873
186,29.381428582327707
193,29.432856968470983
200,29.318571635654994
207,29.655714307512557
214,29.385714394705637
221,29.170000076293945
228,29.407142911638534
235,29.215714318411692
242,29.32000023978097
249,29.4257139478411
256,29.338571003505162
263,29.588571548461914
270,29.56428555079869
277,29.24000004359654
284,29.59142848423549
291,29.542856761387416
298,30.43857111249651
305,29.502857208251953
312,29.031429018293107
319,29.261428833007813
326,29.291428429739817
333,29.625714710780553
340,29.53571401323591
347,29.48857171194894
354,29.1257141658238
361,28.25714247567313
2,28.847142900739396
9,28.96285711015974
16,28.658571788242885
23,28.61857114519392
30,28.23000008719308
37,28.77571405683245
44,29.168571744646346
51,29.255714416503906
58,28.955714089529856
65,29.091428756713867
72,28.832857131958008
79,28.44714273725237
86,29.354285648890905
93,28.832857404436385
100,29.602857044764928
107,29.805714198521205
114,29.339999880109513
121,29.47857121058873
128,29.662857600620814
135,29.8271427154541
142,30.588571275983536
149,30.274285452706472
156,30.507142748151505
163,30.62999997820173
170,30.27142878941127
177,30.32714298793248
184,30.329999923706055
191,29.880000250680105
198,30.109999792916433
205,29.972857066563197
212,29.870000294276647
219,29.297142846243723
226,30.102857044764928
233,29.73428589957101
240,29.468571526663645
247,29.52857153756278
254,29.777143205915177
261,30.044285365513392
268,30.225714002336776
275,29.63428579057966
282,29.59142848423549
289,29.568571090698242
296,29.735713686261857
303,29.822856630597794
310,29.30428559439523
317,29.711428778512136
324,29.52428572518485
331,29.099999836512975
338,29.281428745814733
345,30.051428931100027
352,29.2514283316476
359,28.895714351109095
1,28.93571444920131
8,29.145713806152344
15,28.67285701206752
22,29.397142955235072
29,29.46714292253767
36,29.22857175554548
43,30.23285702296666
50,30.30714280264718
57,29.88571412222726
64,29.927143096923828
71,30.231428691319056
78,30.73285702296666
85,30.738571439470565
92,30.59714344569615
99,30.81999969482422
106,30.70428548540388
113,31.071428571428573
120,30.92999976021903
127,31.324285779680526
134,30.948571341378347
141,31.170000076293945
148,30.971429007393972
155,30.677143096923828
162,30.055714198521205
169,30.73000008719308
176,29.838571548461914
183,30.260000228881836
190,29.864285605294363
197,29.834285736083984
204,29.76285716465541
211,30.171428680419922
218,29.922856739589147
225,29.905714307512557
232,29.664285932268417
239,29.80428613935198
246,29.85142844063895
253,29.785714285714285
260,30.109999792916433
267,29.9228572845459
274,30.44285692487444
281,30.351428713117325
288,31.17285701206752
295,29.97857175554548
302,29.73285756792341
309,29.441428320748464
316,29.014285496303014
323,29.141428538731166
330,29.44285719735282
337,29.709999629429408
344,29.474285670689174
351,28.475714547293528
358,28.23714256286621
365,28.7000002179827
7,29.024285452706472
14,28.757143020629883
21,29.12999997820173
28,28.610000337873185
35,29.368571417672293
42,29.7014285496303
49,29.258571079799108
56,29.498571123395646
63,29.614285605294363
70,29.588571548461914
77,29.384285518101283
84,29.744286128452845
91,29.8742858341762
98,29.641428538731166
105,29.7514283316476
112,29.844285692487443
119,29.54428563799177
126,30.75999995640346
133,30.411428724016464
140,30.25857135227748
147,30.555714198521205
154,29.961428778512136
161,30.06857136317662
168,30.230000359671457
175,29.901428495134628
182,29.744285311017716
189,29.587143216814315
196,29.752857208251953
203,29.8742858341762
210,29.568571090698242
217,29.887142726353236
224,29.50857135227748
231,30.039999553135463
238,29.715714318411692
245,29.64999989100865
252,29.432857240949357
259,29.549999509538925
266,29.981428418840682
273,29.684285845075333
280,29.844285692487443
287,30.104285376412527
294,30.207142421177455
301,29.46285711015974
308,29.592857360839844
315,29.88142912728446
322,29.78714288984026
329,29.539999553135463
336,29.71285711015974
343,29.378571374075754
350,29.174286161150253
357,28.98714256286621
364,29.572856903076172
6,29.597142900739396
13,29.36000006539481
20,28.950000490461075
27,28.947142464773997
34,29.202857153756277
41,29.90999984741211
48,29.36571420942034
55,28.752857208251953
62,29.251428604125977
69,29.344285692487443
76,29.555714198521205
83,29.535714558192662
90,29.657142911638534
97,29.377142769949778
104,29.901428495134628
111,30.229999542236328
118,30.067142759050643
125,30.537142617361887
132,30.2014285496303
139,30.34000015258789
146,30.271428516932897
153,30.318571635654994
160,30.21714292253767
167,29.89428574698312
174,30.108571188790457
181,29.740000316074916
188,29.558571406773158
195,30.104285376412527
202,29.89857155936105
209,29.825713566371373
216,29.68428557259696
223,29.691428320748464
230,29.725714547293528
237,29.24142864772252
244,29.297142846243723
251,29.62000002179827
258,29.469999858311244
265,29.851428713117325
272,29.665713991437638
279,29.362857001168386
286,29.81142861502511
293,29.9228572845459
300,30.005714416503906
307,30.167142868041992
314,29.93571444920131
321,30.23714283534459
328,30.03285734994071
335,29.06142861502511
342,29.288571493966238
349,29.27142878941127
356,29.921428680419922
363,29.94285719735282
4,30.03285734994071
11,29.41142817905971
18,29.280000141688756
25,29.742857251848495
32,29.305714470999582
39,29.377142769949778
46,28.39857155936105
53,29.018571308680944
60,29.792857033865793
67,29.919999803815568
74,30.09428596496582
81,30.052857535226003
88,29.881428582327707
95,30.048571722848074
102,30.07285717555455
109,30.014285768781388
116,30.00571414402553
123,30.214285714285715
130,30.280000141688756
137,30.38142830984933
144,30.290000098092214
151,29.744285311017716
158,30.371428625924246
165,30.059999465942383
172,30.352857044764928
179,30.068571090698242
186,30.372857230050222
193,29.882857458932058
200,30.005713871547155
207,29.922856739589147
214,30.132857186453684
221,30.05428613935198
228,29.932856968470983
235,29.531428473336355
242,29.22142846243722
249,29.64714241027832
256,29.374286106654576
263,29.862857001168386
270,29.89571407863072
277,30.09571429661342
284,29.727142606462753
291,29.53999982561384
298,29.71285711015974
305,29.14999989100865
312,30.02142878941127
319,29.915714263916016
326,29.97428594316755
333,29.437142780848912
340,29.330000196184432
347,29.404285975864955
354,29.39571407863072
361,29.03285707746233
3,29.21000017438616
10,28.792857306344168
17,28.108571461268834
24,28.014285496303014
31,27.994285583496094
38,28.87000002179827
45,28.692857469831193
52,29.15428570338658
59,28.788570949009486
66,29.055714198521205
73,28.707142693655832
80,29.427142551967076
87,29.2985714503697
94,29.50999995640346
101,29.66857147216797
108,29.978571483067103
115,30.2985714503697
122,30.61142839704241
129,29.829999651227677
136,30.310000010899135
143,30.102857317243302
150,29.64285741533552
157,30.162857055664063
164,30.147142955235072
171,30.39428574698312
178,30.165714263916016
185,29.83571379525321
192,30.108571461268834
199,30.211428506033762
206,30.33571461268834
213,30.569999967302596
220,30.257142748151505
227,29.954285757882253
234,30.144286019461497
241,29.83142852783203
248,30.014285768781388
255,29.877142769949778
262,29.849999836512975
269,29.61857114519392
276,29.61428587777274
283,29.65857151576451
290,30.637142726353236
297,29.96285711015974
304,29.687143053327286
311,29.88571412222726
318,29.928571973528182
325,29.795714242117747
332,29.972857339041575
339,29.85857173374721
346,29.247143064226425
353,29.018571036202566
360,28.747142791748047
2,29.112857001168386
9,29.308571406773158
16,29.575714111328125
23,29.334285736083984
30,29.595714024135045
37,29.294285910470144
44,29.075714111328125
51,29.195714133126394
58,29.49285670689174
65,29.73000008719308
72,30.048571177891322
79,29.424285888671875
86,29.592857088361466
93,29.85428592136928
100,30.32000023978097
107,30.634285518101283
114,29.85714258466448
121,30.06571442740304
128,30.52571405683245
135,30.144285474504745
142,29.949999945504324
149,29.75428581237793
156,29.98857171194894
163,30.10857173374721
170,30.2242853982108
177,30.19571440560477
184,29.985714231218612
191,29.52142878941127
198,29.31142888750349
205,30.03285707746233
212,29.907142639160156
219,29.965714318411692
226,29.805714743477957
233,30.325714111328125
240,29.747143064226425
247,30.04142870221819
254,29.231428418840682
261,29.675714220319474
268,29.502856935773575
275,29.28142820085798
282,29.617142813546316
289,29.405714307512557
296,29.37142835344587
303,29.598571504865372
310,29.607142857142858
317,29.76714297703334
324,29.694285801478795
331,29.997143064226425
338,30.459999901907786
345,29.977142878941127
352,29.624285561697825
359,30.114285605294363
1,30.040000098092214
8,30.355714525495255
15,30.375713893345424
22,30.424285888671875
29,30.301428386143275
36,29.599999836512975
43,30.23714283534459
50,30.184285845075333
57,30.249999727521622
64,30.412856783185685
71,30.71857179914202
78,30.71714292253767
85,30.588571548461914
92,30.8771424974714
99,30.817142486572266
106,30.848571232387
113,30.70428603036063
120,31.19571440560477
127,30.772856848580496
134,30.125714710780553
141,30.505714416503906
148,30.228571483067103
155,30.35714312962123
162,30.317142759050643
169,29.74142864772252
176,30.071428571428573
183,30.430000032697404
190,30.41428565979004
197,29.44714273725237
204,29.682856968470983
211,30.344285692487443
218,30.591428756713867
225,30.921428680419922
232,30.915713991437638
239,30.1242858341762
246,30.73428589957101
253,30.481428691319056
260,30.105713980538503
267,30.555714198521205
274,30.46714292253767
281,30.284285681588308
288,30.02428572518485
295,29.54428618294852
302,29.74000004359654
309,29.34142848423549
316,29.281428473336355
323,29.471428734915598
330,29.98000008719308
337,29.527142933436803
344,29.25571414402553
351,29.43142863682338
358,29.245714732578822
365,29.19714300973075
6,29.64999989100865
13,29.36857169015067
20,28.33142852783203
27,27.85000010899135
34,29.620000294276647
41,29.21285683768136
48,29.128571374075754
55,29.03714288984026
62,29.619999749319895
69,29.921428680419922
76,30.115714481898717
83,29.73285702296666
90,29.580000196184432
97,29.7014285496303
104,29.895714351109095
111,29.847142900739396
118,29.625714710780553
125,30.381428582327707
132,30.104285648890905
139,30.157143184116908
146,30.215714045933314
153,30.318571635654994
160,29.9514285496303
167,29.62857164655413
174,29.86428587777274
181,29.90857151576451
188,29.931428364345006
195,29.591428756713867
202,29.887142998831614
209,30.05714280264718
216,29.867142813546316
223,29.421428680419922
230,29.564285823277064
237,29.968571526663645
244,29.542857306344168
251,29.64999989100865
258,29.801428386143275
265,29.93857138497489
272,29.994285311017716
279,29.585714067731583
286,30.037142617361887
293,30.398571014404297
300,29.667142595563615
307,29.48714283534459
314,29.719999858311244
321,29.691428320748464
328,30.022857393537247
335,29.6728572845459
342,29.319999967302596
349,29.325714383806503
356,29.099999836512975
363,28.747143064226425
5,29.0485714503697
12,28.825714383806503
19,28.322856903076172
26,28.747142791748047
33,29.242856979370117
40,29.152857099260604
47,29.41428565979004
54,29.65571403503418
61,29.75
68,29.9500002179827
75,30.044285910470144
82,30.068571635654994
89,29.924285616193497
96,29.76714297703334
103,30.025714329310826
110,30.348571232387
117,30.25285748073033
124,30.029999596732004
131,30.03285707746233
138,29.86571420942034
145,29.514285496303014
152,30.55714307512556
159,30.375713893345424
166,29.494286128452845
173,29.867142813546316
180,29.54428563799177
187,29.484285354614258
194,29.531428473336355
201,29.392857142857142
208,29.849999836512975
215,29.788571493966238
222,30.334286008562362
229,30.00285748073033
236,30.209999901907786
243,29.788571221487864
250,29.551428658621653
257,29.652857099260604
264,29.678571428571427
271,29.871428898402623
278,29.297143118722097
285,28.82428550720215
292,29.551428386143275
299,29.472857339041575
306,29.24714251926967
313,29.37142835344587
320,29.39142826625279
327,29.529999596732004
334,29.587143216814315
341,28.928571701049805
348,29.27142878941127
355,29.901428767613
362,29.511428833007813
4,29.497142791748047
11,30.000000272478378
18,30.09714262826102
25,29.711428506033762
32,29.875714438302175
39,30.01571491786412
46,29.828571319580078
53,29.921428407941544
60,30.308571406773158
67,30.34714262826102
74,30.528571810041154
81,30.018571036202566
88,30.03285734994071
95,30.378571374075754
102,30.67571449279785
109,30.757142748151505
116,30.63428524562291
123,30.397142955235072
130,29.937142780848912
137,30.301428386143275
144,30.38857160295759
151,29.932856968470983
158,29.515714372907365
165,30.187143053327286
172,30.022856848580496
179,30.24571418762207
186,30.051428386143275
193,30.021428516932897
200,29.312857219151088
207,29.985713958740234
214,29.534285681588308
221,29.801428931100027
228,29.747142791748047
235,29.637142998831614
242,29.848571504865372
249,29.89714322771345
256,29.35714312962123
263,29.768571308680944
270,29.881428582327707
277,29.849999836512975
284,29.229999814714706
291,29.910000119890487
298,29.617142813546316
305,29.97000013078962
312,29.81142861502511
319,29.677142551967076
326,29.387142998831614
333,29.51999991280692
340,29.50571414402553
347,29.442857469831193
354,29.735714231218612
361,29.252000045776366
